length,avg_views
714.0,7279.111111111111
2077.0,3259.0
1033.0,4078.181818181818
1575.0,448.6666666666667
2679.0,93401.25
2098.0,671.0
3599.0,800.25
286.0,9738.075904677846
364.0,7438.590521327014
550.0,8597.916058394161
1582.0,5193.25
1081.0,12029.083333333334
1331.0,21762.166666666668
769.0,10028.133333333333
1735.0,20780.0
1393.0,31509.25
3044.0,656.0
2854.0,529.0
1673.0,2048.5
18.0,4744.494440662582
362.0,8826.880373831777
729.0,35173.42857142857
1512.0,4882.0
1315.0,4818.166666666667
3039.0,544.5
803.0,9523.4
1680.0,708.0
1790.0,844.25
281.0,8910.163420829806
64.0,9734.364386792453
82.0,7849.004362729823
332.0,8542.621301775149
425.0,7879.984455958549
331.0,7889.768483943241
1521.0,1719.0
1767.0,151.0
1626.0,2308.5
3376.0,2211.0
1613.0,488.0
4097.0,1257.0
308.0,18074.891011235955
107.0,8070.878787878788
2812.0,9800.5
2451.0,468.5
1157.0,12617.875
1061.0,3052.2727272727275
3492.0,2700.5
47.0,7422.379533989911
181.0,9844.328804347826
500.0,13690.59076433121
1954.0,4830.0
692.0,12834.346153846154
3145.0,82.0
1438.0,10553.857142857143
1191.0,7301.2
1684.0,7659.142857142857
1479.0,72993.57142857143
3581.0,1909.0
360.0,45099.17419354839
547.0,8503.213261648745
697.0,9824.222222222223
797.0,3662.076923076923
1898.0,2438.0
2419.0,2675.0
911.0,20899.875
970.0,9043.625
6500.0,343.0
1079.0,17343.0
2603.0,2906.0
324.0,10980.584854631508
9.0,3232.0267077555213
798.0,2229.875
2195.0,19286.666666666668
1373.0,19165.083333333332
1021.0,19896.5
1534.0,3617.5
3635.0,44231.0
3458.0,524.0
101.0,7555.925430210325
58.0,7759.887209564629
510.0,6209.415672913117
224.0,10039.374175545408
615.0,21112.577777777777
411.0,6937.36389280677
453.0,7084.039518900344
1540.0,29680.375
1607.0,17086.0
1635.0,765.2857142857143
1283.0,37735.375
969.0,5475.846153846154
1103.0,3834.7272727272725
2441.0,13799.0
4641.0,503.0
546.0,9462.014925373134
537.0,9281.83888888889
688.0,12940.153846153846
3325.0,1436.0
1057.0,5638.5
1066.0,7592.125
4356.0,1317.0
3516.0,1853.5
4137.0,238.0
3543.0,2914.0
504.0,12059.027538726334
39.0,7779.2762465811065
132.0,8133.708290333678
5.0,2229.3632154882157
542.0,7472.524916943522
3628.0,43589.0
959.0,3230.9473684210525
4808.0,12588.0
239.0,12263.177372962607
144.0,8502.019337921993
3142.0,1741.5
1056.0,2781.222222222222
1139.0,26423.41176470588
3175.0,510.0
3595.0,1461.5
1496.0,613.0
2435.0,980.0
2101.0,405.6
30.0,9102.865472636817
274.0,9415.914819136522
17.0,4121.969029760465
379.0,10611.219206680584
530.0,9709.68275862069
1115.0,9100.4
1378.0,26758.6
1046.0,9069.4
3449.0,14142.0
1185.0,17733.272727272728
2691.0,8565.333333333334
1979.0,7266.666666666667
2834.0,12998.0
2035.0,643.5
2517.0,7659.857142857143
105.0,9927.93717754173
196.0,13660.67345844504
353.0,8988.082936129647
318.0,11067.829202947087
603.0,10613.045454545454
2490.0,32751.5
2297.0,4846.666666666667
1390.0,16565.714285714286
3537.0,1.0
180.0,8017.08466029724
117.0,10942.545690213869
163.0,8044.618040873855
190.0,10925.374810778081
301.0,9598.586132177681
183.0,12564.395047509357
441.0,10071.048710601719
2010.0,12985.4
768.0,9709.57142857143
1715.0,2424.0
1429.0,21506.1
247.0,12206.698914728682
270.0,11475.648535564853
1343.0,20294.714285714286
1423.0,5023.333333333333
3266.0,53.0
2253.0,1332.0
2115.0,771.5
1789.0,17205.333333333332
1712.0,3413.9166666666665
1091.0,15998.866666666667
5529.0,29784.0
187.0,10496.836578009323
102.0,9426.235687022901
1119.0,27097.6
448.0,9573.939628482973
2819.0,10985.75
1208.0,13503.90909090909
2457.0,17955.0
2631.0,2900.0
143.0,10259.502024291498
540.0,8523.843537414967
833.0,19384.333333333332
882.0,3397.8571428571427
1293.0,4550.375
1194.0,6408.363636363636
1211.0,32925.333333333336
876.0,4630.928571428572
189.0,11031.338415464199
273.0,10316.683326974437
703.0,16852.344827586207
371.0,9356.881578947368
1369.0,47387.166666666664
1853.0,84330.0
14959.0,5917.0
90.0,8479.18895221394
354.0,8006.730077120823
405.0,7361.557553956834
526.0,6929.4502617801045
419.0,7486.148603351955
501.0,9968.112903225807
829.0,9672.758620689656
827.0,5905.913043478261
1322.0,6555.545454545455
1285.0,12912.375
847.0,12286.0
1432.0,55102.42857142857
881.0,6368.176470588235
1412.0,4632.666666666667
992.0,3480.6666666666665
975.0,6252.2
4424.0,2528.0
1589.0,4860.0
26.0,5021.624066953178
261.0,9026.43896633798
536.0,7902.0845323741005
487.0,7300.463768115942
602.0,11350.101952277657
1070.0,23292.285714285714
1543.0,3484.8333333333335
2763.0,12711.5
1088.0,68193.66666666667
1325.0,24172.166666666668
1798.0,2601.4444444444443
601.0,11242.50831792976
3851.0,65.0
113.0,8773.238063439065
449.0,9927.196454948302
404.0,11308.292712066906
964.0,2111.8888888888887
1025.0,6593.75
1342.0,14156.454545454546
1925.0,23413.666666666668
2395.0,355.0
256.0,9938.795381654907
378.0,8924.748962655602
1100.0,2710.6666666666665
1147.0,1636.8333333333333
2119.0,711.3333333333334
1922.0,673.5
2773.0,5583.0
559.0,7341.597087378641
41.0,6021.498827941866
175.0,10032.458630306786
460.0,9501.609212481426
285.0,10497.98685363716
485.0,8154.274961597543
1071.0,878.4285714285714
1114.0,3826.181818181818
2301.0,1848.6666666666667
981.0,20290.833333333332
918.0,6051.0
2137.0,98.0
6685.0,2090.0
255.0,11336.333952336738
1152.0,1737.142857142857
1446.0,40161.28571428572
2589.0,13704.5
1337.0,4252.4
86.0,9658.099320882853
173.0,9230.205938697318
529.0,7872.96936936937
1771.0,18630.0
1858.0,7142.5
1306.0,9037.875
805.0,9646.214285714286
752.0,11429.931034482759
1704.0,1198.857142857143
1361.0,8797.363636363636
1672.0,1032.0
1174.0,15202.23076923077
880.0,4526.125
4817.0,9767.0
731.0,2932.7894736842104
1945.0,24551.0
1888.0,119.0
4377.0,1093.0
99.0,8499.627174565087
385.0,7724.7524429967425
632.0,8204.07423580786
91.0,8699.177000819449
457.0,7620.6736842105265
647.0,9791.917525773197
1535.0,19217.3
1867.0,15089.0
1541.0,54681.57142857143
3887.0,36389.0
1855.0,1092.6666666666667
174.0,9003.537685272784
552.0,13595.125217391304
445.0,10372.706336939722
1686.0,1863.0
834.0,2338.6923076923076
2711.0,11604.5
853.0,7506.1578947368425
976.0,15674.0
3428.0,2018.0
2955.0,4060.0
5941.0,825.0
860.0,5235.315789473684
29.0,7041.748575259806
214.0,11607.582483660131
576.0,10190.278860569715
549.0,8034.736283185841
483.0,7516.620637329287
621.0,12185.436681222707
3575.0,47143.0
1032.0,9929.75
892.0,12027.722222222223
867.0,6975.764705882353
1210.0,26572.8
1391.0,11852.875
1843.0,13436.2
305.0,9640.584474885845
217.0,14868.799797005837
118.0,7930.700298705609
1253.0,7691.857142857143
3958.0,6507.5
1317.0,3792.9
1364.0,16464.555555555555
2084.0,6986.0
2515.0,761.0
2422.0,309.0
570.0,7585.063049853373
134.0,12637.81827242525
1396.0,7488.375
1963.0,1884.75
1517.0,15725.333333333334
931.0,7858.888888888889
2417.0,167.5
2864.0,6187.0
2360.0,3842.6
294.0,9918.43713904931
219.0,15025.441435020195
592.0,8237.51923076923
415.0,10913.957123098202
577.0,7992.067064083458
423.0,10701.883963494132
440.0,9068.122699386504
687.0,2733.1666666666665
1246.0,10567.133333333333
1956.0,4232.0
2582.0,3863.0
2215.0,2424.6666666666665
254.0,9271.222746022393
229.0,10627.461233130458
320.0,20983.53818400481
350.0,7887.207879295893
424.0,8943.155102040817
516.0,9206.88392857143
428.0,7640.229577464789
408.0,7658.669201520913
494.0,9648.929738562092
3617.0,1428.0
3571.0,545.0
5620.0,561.0
3310.0,258.6666666666667
15076.0,2703.0
201.0,10358.28800856531
528.0,8244.628571428571
623.0,11847.09375
2728.0,816.3333333333334
1590.0,3959.6666666666665
1660.0,2778.2
2790.0,345.0
3823.0,1088.0
1910.0,3078.0
7575.0,3544.0
23.0,4583.721059972106
89.0,9615.663797839223
1464.0,31139.58823529412
757.0,1355.388888888889
1481.0,10971.0
1687.0,1974.0
2278.0,417.0
748.0,5518.521739130435
766.0,6555.6
2327.0,4313.0
1048.0,21018.0
197.0,10373.064230045688
110.0,9478.037784181877
277.0,10202.647853736089
222.0,13491.149832947829
317.0,7370.718689788054
2361.0,3598.5
1259.0,5975.6
837.0,9293.0
1411.0,137933.0
1270.0,12796.5
1019.0,16230.5
1983.0,2794.0
3224.0,8889.0
554.0,8367.497023809523
741.0,17428.625
1476.0,48607.21428571428
1227.0,18004.53846153846
1095.0,12254.833333333334
1480.0,9449.5
1484.0,15245.666666666666
1334.0,6874.714285714285
3185.0,81.0
618.0,7552.458498023715
802.0,5461.2
982.0,2404.0
5617.0,202.0
116.0,8956.482585398526
1497.0,5604.333333333333
946.0,26576.833333333332
665.0,3174.5
968.0,1468.857142857143
1587.0,26667.5
2445.0,74707.8
1939.0,2920.0
1173.0,7460.5
192.0,12022.412202807218
263.0,10151.361263293587
609.0,10902.834757834758
477.0,9928.676948051949
624.0,10447.490196078432
675.0,45594.392857142855
1266.0,1528.5
994.0,2727.8571428571427
1810.0,130171.5
1436.0,26169.875
1509.0,1870.0
3380.0,1350.0
2601.0,1293.0
1657.0,2069.125
124.0,9303.247895229186
100.0,15297.635080645161
97.0,10802.541542139868
622.0,10558.624
1677.0,3764.1
1240.0,1779.9
794.0,8231.157894736842
1652.0,1464.5
1982.0,7059.5
3103.0,39609.0
3715.0,29439.0
314.0,8291.053317535545
148.0,10684.195545365215
11.0,5117.45138339921
299.0,14076.285348922178
920.0,3010.6470588235293
2285.0,13636.5
1755.0,2717.6666666666665
2530.0,1632.0
1501.0,25438.545454545456
3459.0,1150.0
1801.0,7305.125
4061.0,1946.0
67.0,9720.101901140684
271.0,11074.717156680312
361.0,8400.310564663023
595.0,6334.43019135365
811.0,17025.0
668.0,7459.272727272727
746.0,21104.21052631579
1639.0,3997.3333333333335
1500.0,33719.583333333336
2710.0,1562.5
2969.0,383.0
1520.0,759.0
2161.0,494.5
137.0,10160.337566137567
49.0,7117.529094033882
269.0,16132.916441136671
681.0,15296.814814814816
726.0,8216.363636363636
1304.0,8575.0
2645.0,12422.0
7.0,1916.0810152990264
386.0,8788.794816414687
1272.0,1342.857142857143
904.0,2592.9333333333334
1538.0,4485.166666666667
2024.0,1234.5
1287.0,1919.857142857143
2284.0,967.0
468.0,8450.483357452968
2.0,2234.7466666666664
716.0,12132.862068965518
701.0,4995.96
2954.0,72.0
1675.0,1853.0
942.0,1165.3333333333333
1588.0,4908.285714285715
2649.0,38623.0
1188.0,7434.0
836.0,2633.9444444444443
2898.0,305529.0
1491.0,246347.44444444444
3308.0,1809.0
2605.0,960.5
151.0,10326.924252717392
492.0,8074.591800356507
588.0,11642.628117913831
5850.0,37.0
1700.0,7766.0
6140.0,96.0
417.0,8386.73116883117
698.0,13259.851851851852
329.0,7520.689170182841
658.0,10678.592592592593
2648.0,153.0
2560.0,447.0
1447.0,9336.111111111111
1602.0,1353.6666666666667
3476.0,1123.0
2424.0,17715.0
2111.0,2003.6
531.0,8664.405769230769
4285.0,509.0
56.0,7336.411055505005
589.0,8771.714013346043
957.0,5259.8125
642.0,8638.25888324873
728.0,7789.896551724138
1580.0,17841.8
1231.0,12361.714285714286
266.0,10577.594034194253
518.0,8664.634
435.0,7919.450724637682
1219.0,25350.0
913.0,10176.0
2706.0,73160.5
690.0,1775.2142857142858
932.0,12908.818181818182
1296.0,14171.5
3971.0,20516.0
1664.0,6694.428571428572
1952.0,47791.5
225.0,13241.378266178266
1250.0,6698.111111111111
202.0,10281.586179080397
14.0,5250.300900900901
348.0,9576.32075471698
1335.0,17421.333333333332
1252.0,11940.59090909091
1375.0,14432.333333333334
1271.0,1740.111111111111
2697.0,23314.285714285714
1341.0,2520.875
740.0,9197.619047619048
737.0,1995.7619047619048
288.0,10063.54979348325
54.0,8783.862410294481
394.0,6734.908200734394
643.0,9131.449704142013
429.0,7859.4056987788335
648.0,9911.844036697248
972.0,7863.333333333333
792.0,11229.78947368421
1800.0,4733.384615384615
855.0,17787.846153846152
1232.0,14256.0
3549.0,287.0
1528.0,19081.333333333332
1381.0,75408.0
1616.0,11399.75
535.0,7110.922807017544
509.0,9719.50796460177
1030.0,2338.375
628.0,12540.713615023475
569.0,16720.43328335832
1640.0,366.14285714285717
1299.0,18297.285714285714
9976.0,572.5
1895.0,7455.0
2783.0,304.0
21.0,4941.9542628774425
3.0,3843.295633500358
1490.0,29795.555555555555
1136.0,2989.25
1553.0,2881.75
1739610.0,572.0
228.0,10763.284289276808
293.0,9255.824181117534
345.0,13184.179421768707
249.0,9947.575593627893
1676.0,1183.0
1782.0,1557.0
952.0,2003.4
3521.0,2819.0
821.0,5141.083333333333
1846.0,15073.0
4322.0,592.0
6769.0,1735.0
179.0,9626.335452322739
578.0,7349.646604938272
359.0,15495.081992337166
1129.0,1489.142857142857
774.0,7646.761904761905
1448.0,18673.428571428572
775.0,16835.5
2565.0,1146.0
1065.0,8236.75
574.0,8760.912363067293
392.0,8503.155902004455
211.0,12202.903709349594
194.0,14087.61377084454
55.0,7748.075215460956
2436.0,11688.333333333334
1130.0,5680.1
2644.0,2141.0
839.0,23810.066666666666
1007.0,5966.888888888889
6950.0,72329.0
3600.0,464.0
1957.0,2556.0
2180.0,6909.5
343.0,10577.420435510889
1769.0,1601.0
715.0,3252.9583333333335
1499.0,36287.4
1746.0,6520.0
1581.0,2564.0
1519.0,14419.333333333334
598.0,8001.2855983772815
262.0,11448.471065631617
38.0,5953.720513387918
764.0,6293.294117647059
1845.0,39442.5
5334.0,117100.0
474.0,7886.15303030303
1050.0,2961.625
1156.0,27653.916666666668
1452.0,14449.57142857143
785.0,3348.684210526316
1409.0,17997.30769230769
9456.0,6965.0
3277.0,42713.0
2751.0,343.0
1372.0,8357.5
3133.0,1942.0
1097.0,1070.5
2344.0,3961.3333333333335
258.0,12217.01821730644
1310.0,1973.4
1045.0,21966.384615384617
1826.0,21361.5
1605.0,615.75
1877.0,8623.333333333334
1344.0,30512.25
51.0,5891.379878787879
312.0,9912.326617826619
384.0,8744.834038054969
1370.0,72579.27777777778
934.0,9750.142857142857
1203.0,2551.4166666666665
5708.0,768.0
823.0,2429.8823529411766
2766.0,684.0
2808.0,38771.0
3263.0,3341.0
2632.0,15879.0
873.0,33651.6
2351.0,313.0
236.0,12697.585654230163
513.0,10191.192439862543
1075.0,8790.42857142857
1716.0,7774.5
1666.0,10852.2
1013.0,8949.8
3437.0,366.0
1359.0,18850.25
322.0,9945.460674157302
48.0,6236.856725146199
72.0,7814.12778848802
522.0,14800.931283905968
66.0,11667.49470766129
70.0,9292.376408912189
765.0,14272.5
804.0,22784.39285714286
869.0,2361.125
864.0,9673.736842105263
1498.0,12407.0
901.0,12239.764705882353
1778.0,389.0
2777.0,81.0
1487.0,8607.375
866.0,11888.058823529413
895.0,2231.1875
1182.0,5564.916666666667
1964.0,58539.666666666664
2001.0,7652.0
1328.0,7945.8
1783.0,959.0
1992.0,21765.5
1914.0,2249.5
2356.0,11542.0
943.0,4976.5
1400.0,27787.625
820.0,1452.6875
1320.0,14900.363636363636
1410.0,8402.888888888889
1475.0,35256.0
3013.0,57454.666666666664
2031.0,33604.0
1059.0,3235.125
807.0,34366.46153846154
1997.0,91.0
879.0,1342.4782608695652
9572.0,709.0
1561.0,2277.0
2804.0,17098.0
493.0,9699.665529010239
639.0,14879.852040816326
611.0,10103.301587301587
2579.0,273018.0
1374.0,67507.88888888889
2057.0,69782.0
896.0,13924.05
835.0,7893.666666666667
7662.0,7463.0
1324.0,31794.88888888889
946028.0,5099.0
65.0,9616.182961556715
403.0,10577.429951690821
240.0,11196.619867223999
356.0,9997.853832442068
380.0,6582.751050420168
459.0,8363.418816388468
491.0,8596.167548500882
954.0,8831.75
6494.0,1859.0
1120.0,2247.4
3597.0,15.0
784.0,10954.066666666668
2442.0,706.5
442.0,8818.611987381704
655.0,14461.947368421053
1076.0,1309.6666666666667
1124.0,136499.66666666666
5781.0,15.0
349.0,11592.555944055945
347.0,9088.91673894189
1724.0,1363.0
1941.0,1571.2
772.0,18372.304347826088
1773.0,29061.8
1184.0,17966.727272727272
3470.0,5878.0
2100.0,22425.333333333332
1612.0,9851.0
43.0,7388.912981792386
233.0,10142.724283083398
10.0,4859.675152479448
243.0,10051.836929111796
391.0,9197.869304556354
1294.0,21616.47619047619
1799.0,8672.692307692309
1469.0,45078.0
1275.0,23628.625
1455.0,20994.636363636364
4178.0,13808.0
961.0,3750.4615384615386
1478.0,96822.0
937.0,22611.125
3512.0,5444.333333333333
6921.0,4750.0
27.0,5631.7529063622915
152.0,9428.666666666666
505.0,6511.579931972789
815.0,7240.2
1072.0,1398.0
1123.0,25921.4
1382.0,20643.88888888889
1503.0,20658.0
2734.0,37.0
1084.0,4294.375
1550.0,20054.625
868.0,23357.5
186.0,9755.934782608696
278.0,10008.401232032855
85.0,7857.002670623146
1416.0,208852.23529411765
465.0,9022.484992101106
649.0,14209.054187192118
760.0,4379.526315789473
1477.0,7102.5
993.0,9943.833333333334
2070.0,10486.0
1525.0,2921.0
1913.0,10474.0
2684.0,19091.0
4111.0,303.0
87.0,7957.169472502806
53.0,6157.569187242799
388.0,8469.016447368422
1624.0,4995.0
1301.0,4459.6
3440.0,661.6666666666666
1570.0,2122.2
1524.0,17749.5
1629.0,1636.0
1740.0,3613.3333333333335
3052.0,583.0
480.0,11740.96770472895
676.0,33118.85106382979
2033.0,4977.0
1330.0,16173.363636363636
1878.0,2227.6666666666665
2009.0,8857.25
2921.0,8692.0
1527.0,35091.666666666664
9221.0,1026.0
555.0,8830.390572390572
466.0,9036.5101010101
630.0,6161.16
3662.0,644.0
1093.0,6354.727272727273
3494.0,14588.5
1230.0,14706.4
2450.0,162493.5
5361.0,15944.5
596.0,10703.367509986685
128.0,7929.109945872801
68.0,8361.304830793077
335.0,10115.521334367726
651.0,11493.17619047619
178.0,12108.93661971831
663.0,23795.387096774193
927.0,69554.33333333333
1215.0,9903.0
944.0,1784.0
1792.0,13616.0
686.0,3635.1052631578946
2893.0,8048.5
2873.0,8122.5
1154.0,12632.5
5255.0,104.0
12.0,3950.743515850144
40.0,6917.072942643392
158.0,9521.6262553802
653.0,11688.168421052631
849.0,3008.909090909091
841.0,18258.0
2499.0,7982.0
2365.0,6357.5
2332.0,187.0
1245.0,6380.875
4745.0,233.0
250.0,12851.92942254812
340.0,8133.621621621622
123.0,10558.33861185984
369.0,7153.171875
579.0,9053.19683908046
597.0,9307.922471910113
341.0,13497.98023715415
1145.0,21466.1875
1731.0,250.25
919.0,5447.727272727273
1199.0,30266.88888888889
7338.0,2465.0
1812.0,1106.0
1267.0,34487.8
2150.0,23523.0
1437.0,24427.714285714286
1144.0,21829.5
94.0,7997.656530553142
241.0,10084.03391188251
519.0,9391.550442477876
396.0,9483.687711386698
859.0,9912.76923076923
684.0,6578.25
2174.0,6430.5
1284.0,36325.875
2019.0,3064.0
894.0,3330.6111111111113
1295.0,27461.85714285714
1614.0,12642.2
3125.0,2785.0
1017.0,5129.285714285715
4471.0,334.0
514.0,9786.717092337918
406.0,9239.846870838881
978.0,3573.785714285714
1279.0,35646.05882352941
1236.0,19578.88888888889
1121.0,4915.9
722.0,3612.32
945.0,18924.222222222223
1111.0,4567.5
1529.0,2523.5
842.0,2428.875
1980.0,2245.8333333333335
2092.0,2009.0
1736.0,1631.3333333333333
3483.0,1623.0
4701.0,13177.0
120.0,7911.863857374392
77.0,8092.589662142651
327.0,8412.628311884935
1358.0,30897.9
2983.0,1443.5
1143.0,1313.6
1265.0,4392.333333333333
1043.0,5665.2
2206.0,3501.0
1286.0,23417.14285714286
545.0,6783.215411558669
1221.0,218161.0909090909
594.0,11495.090452261307
523.0,7458.216475095785
1597.0,23225.5
2666.0,7864.5
965.0,34675.933333333334
917.0,6374.9
1831.0,1721.0
1073.0,7529.0
3606.0,1320.0
2281.0,15444.0
248.0,11749.241786743516
409.0,11298.093220338984
925.0,15785.0
990.0,8877.166666666666
1249.0,7383.833333333333
1153.0,20802.375
3244.0,73.0
1054.0,5904.0
3547.0,1582.0
2453.0,495.6666666666667
2257.0,5797.0
260.0,8983.868930390492
176.0,8811.36915182614
543.0,7964.122302158274
573.0,7421.922958397535
1321.0,5850.2
1022.0,27233.25
3014.0,9451.0
770.0,8840.411764705883
2048.0,3025.0
1450.0,25971.842105263157
1146.0,12813.111111111111
1388.0,7304.0
906.0,3327.5
2541.0,4047.0
2413.0,101720.0
2420.0,100.0
1280.0,7721.833333333333
462.0,7721.515974440895
437.0,6059.517882689556
645.0,10935.66847826087
735.0,5653.794117647059
617.0,12159.100456621005
696.0,10673.5
1668.0,1201.3333333333333
1112.0,36439.0
3186.0,1864.5
1177.0,4916.5
2906.0,20271.0
662.0,26120.897435897437
1042.0,6916.571428571428
3201.0,732.0
909.0,2186.9
5254.0,1907.0
1165.0,85652.0
1813.0,1800.0
325.0,15196.886214442013
302.0,12997.633854166666
507.0,8776.835390946502
410.0,8677.781883194279
1857.0,5084.333333333333
689.0,10032.40625
1166.0,21577.166666666668
5058.0,6230.0
870.0,9399.0
2781.0,25882.0
3525.0,772.0
3341.0,253.0
1709.0,283.6666666666667
2429.0,1725.3333333333333
1929.0,433.3333333333333
1243.0,5480.333333333333
479.0,8476.76262083781
413.0,10701.256067961165
390.0,8828.160387513455
778.0,5146.588235294118
1224.0,17718.5
4596.0,12691.0
2353.0,1159.25
644.0,8722.848958333334
326.0,8258.316146540026
366.0,7459.134538152611
659.0,14313.19540229885
1840.0,3487.75
832.0,12851.07142857143
1276.0,9772.333333333334
1539.0,6775.666666666667
1526.0,11815.666666666666
2421.0,5154.0
1338.0,9310.625
122.0,9839.567681347151
133.0,11126.907306434025
216.0,11398.902262879152
168.0,9284.762094102054
1708.0,12617.555555555555
733.0,14024.96
1609.0,4726.833333333333
1003.0,34599.3
1101.0,7303.0
20.0,4974.70487804878
744.0,5766.833333333333
2844.0,317.0
1705.0,476.6666666666667
3714.0,313.0
1291.0,18156.166666666668
884.0,19571.64285714286
902.0,4712.666666666667
1196.0,2700.25
1825.0,7517.0
146.0,9778.522516328636
566.0,8028.133790737565
921.0,12797.0
1728.0,3006.6666666666665
830.0,18892.478260869564
2634.0,3668.0
980.0,2815.4545454545455
1820.0,3023.0
10200.0,509.0
251.0,11626.154084158416
580.0,9406.213864306785
590.0,9925.056828597617
456.0,8448.083211678832
2223.0,5781.0
1830.0,5020.875
1834.0,663.0
1555.0,2465.3333333333335
1760.0,22044.25
209.0,11996.244072872472
607.0,7991.544474393531
3086.0,12482.0
1889.0,1936.3333333333333
3026.0,105.0
1962.0,1612.25
5439.0,1464.0
193.0,8687.887323943662
57.0,6889.0888278388275
400.0,7721.279069767442
1244.0,36320.230769230766
1126.0,4559.0
2138.0,8047.0
3278.0,24171.0
2902.0,30912.5
5826.0,545.0
102615.0,126.0
397.0,8683.91884816754
412.0,9041.552493438321
1002.0,59285.63636363636
1379.0,51460.916666666664
3880.0,6209.0
949.0,114307.64285714286
1298.0,27805.125
3072.0,9167.5
242.0,12228.716049382716
154.0,10573.181262729124
430.0,7797.5765895953755
560.0,7375.627272727273
677.0,12979.684210526315
1176.0,3192.5454545454545
799.0,12934.266666666666
810.0,20404.45
1352.0,6898.5
1006.0,11491.7
1183.0,6500.1
2729.0,23653.0
376.0,7774.883695652174
185.0,14864.336557610242
295.0,11871.285931945149
355.0,7116.677358490566
451.0,8918.612903225807
446.0,7556.8890675241155
548.0,11540.080152671755
351.0,8990.006974716653
506.0,9676.967741935483
646.0,9993.256097560976
1049.0,13473.0
1189.0,36470.22222222222
1903.0,22862.5
713.0,5009.333333333333
788.0,18268.722222222223
997.0,9341.133333333333
1403.0,16740.0
1303.0,18299.333333333332
1098.0,11099.57142857143
5733.0,335.0
292.0,11763.801220132182
527.0,9641.396226415094
652.0,10542.329166666666
1051.0,12407.92857142857
758.0,4678.695652173913
1449.0,42210.0
700.0,5935.310344827586
3294.0,456.0
2708.0,260.0
5517.0,1066.0
4497.0,473.0
544.0,7397.378424657534
2189.0,45.0
1198.0,2249.1666666666665
2238.0,213.0
2817.0,5123.0
1138.0,25302.428571428572
1551.0,2161.25
2922.0,13804.0
264.0,11077.602926165362
96.0,9323.456580937973
276.0,11813.943102742529
654.0,10343.682291666666
368.0,8515.88791423002
2748.0,23766.333333333332
739.0,11528.566666666668
719.0,6764.111111111111
1683.0,970.6666666666666
1600.0,2886.25
1068.0,2386.8333333333335
1366.0,28220.2
2548.0,18802.333333333332
871.0,12908.818181818182
1547.0,24195.8
671.0,5355.464285714285
2122.0,22026.333333333332
35.0,6105.486802894849
363.0,8460.356279069767
83.0,10056.70024772915
310.0,9848.19663573086
486.0,9134.038647342995
436.0,10562.33738191633
372.0,8830.015447991762
631.0,7697.379166666667
749.0,18659.4
1658.0,10298.0
885.0,11020.733333333334
1413.0,25584.11111111111
1606.0,7409.5
2412.0,9552.0
3636.0,92408.5
1201.0,6563.75
4225.0,4104.0
1.0,1323.7393767705382
207.0,11845.321782178218
6.0,2547.0948207171314
912.0,14931.0
1195.0,12012.166666666666
682.0,7951.235294117647
707.0,9357.8
1430.0,19989.666666666668
1768.0,10074.57142857143
3156.0,1227.0
1417.0,30898.285714285714
1096.0,1076.7777777777778
1943.0,2589.5
599.0,7733.834894358528
149.0,9000.351475409836
34.0,5331.6670124481325
313.0,13990.364812419146
71.0,10476.416600371254
497.0,7010.072131147541
759.0,6227.761904761905
1384.0,81010.44036697247
3593.0,218.5
1261.0,21207.1
1345.0,2759.6
3864.0,454.0
1122.0,4238.888888888889
2291.0,4769.0
195.0,10370.969222313823
336.0,8506.744874715261
1745.0,10299.333333333334
1220.0,5994.8
1037.0,2006.8
1965.0,635.5
2551.0,26276.333333333332
533.0,6519.669902912621
484.0,10567.55
2604.0,29692.6
1753.0,5944.75
1990.0,30801.2
1470.0,2669.375
971.0,7843.083333333333
1818.0,3799.5
1748.0,580.3333333333334
2616.0,10821.5
2986.0,85134.0
291.0,11530.086669806877
761.0,7252.277777777777
1576.0,4091.8
1681.0,429.5
3074.0,286.0
3607.0,1521.0
455.0,7256.769817073171
374.0,8899.423880597014
337.0,8241.080125687353
753.0,5296.090909090909
1363.0,9776.142857142857
1502.0,46811.57142857143
1314.0,20159.4
1385.0,83400.75
889.0,1918.0
1074.0,6313.571428571428
503.0,7341.10472972973
8.0,2862.6715304798963
119.0,8780.35420585864
499.0,6831.79112754159
377.0,10320.82125124131
974.0,1682.7058823529412
813.0,9357.933333333332
903.0,16355.545454545454
2008.0,1218.75
1047.0,48975.73333333333
2423.0,38.0
998.0,32028.0
3462.0,6054.333333333333
1793.0,1470.3333333333333
182.0,9429.385975250441
2602.0,10738.0
5362.0,1167.0
206.0,11917.796174863388
200.0,12534.69744803999
177.0,6979.571066484695
127.0,10774.426803394625
275.0,10295.763671875
4832.0,17576.0
718.0,9514.75
1162.0,23362.333333333332
1260.0,1310.6666666666667
1362.0,63054.666666666664
1254.0,68310.6
1427.0,16292.666666666666
1462.0,1983.6666666666667
1425.0,1133.5
3587.0,3142.5
389.0,8197.567769477055
416.0,7632.458762886598
854.0,18715.666666666668
1015.0,16941.545454545456
852.0,2679.181818181818
1548.0,23039.375
1031.0,755.25
5398.0,250.0
1164.0,8338.636363636364
6798.0,227.0
2181.0,2910.5
234.0,10025.800099576798
50.0,6918.83632734531
284.0,10596.70341880342
471.0,9955.811320754718
482.0,8809.487220447285
2082.0,5753.333333333333
1678.0,2072.8333333333335
1593.0,46660.666666666664
983.0,4754.6
962.0,5061.0625
3317.0,141.5
2915.0,11433.333333333334
311.0,9320.674751243781
316.0,9443.133247089263
140.0,13722.858474283741
496.0,7192.343525179856
1514.0,22822.25
2296.0,11774.0
1807.0,25512.833333333332
2449.0,253.5
999.0,31615.0
3386.0,25535.0
1445.0,10201.8
2810.0,13031.0
2312.0,2549.6
2157.0,28608.75
434.0,8121.172872340426
1080.0,4632.625
561.0,7162.306122448979
1642.0,4635.4
1113.0,4394.888888888889
996.0,27886.85714285714
1038.0,6879.916666666667
1316.0,2007.6666666666667
1387.0,42150.5
1209.0,5953.125
1727.0,163.25
6375.0,978.0
172.0,9679.06393775372
723.0,8024.25
989.0,16084.058823529413
3412.0,105.0
1067.0,15203.615384615385
1029.0,17931.636363636364
3120.0,64976.4
2895.0,2056.5
5540.0,301.0
1693.0,1130.5
1781.0,35314.666666666664
2899.0,8898.5
3065.0,4094.0
3207.0,894.5
169.0,11308.540513833992
78.0,8219.57337587007
129.0,9149.825427557276
223.0,10011.604483380572
296.0,9495.759610456176
1821.0,24473.5
745.0,6992.857142857143
704.0,9385.684210526315
1016.0,3307.375
930.0,9078.722222222223
1953.0,66306.0
4819.0,8073.0
103.0,9482.571567672834
604.0,11603.017994858612
2066.0,2968.3333333333335
922.0,8855.176470588236
1434.0,37406.52631578947
1443.0,53010.333333333336
2022.0,40000.0
3162.0,1379.0
8335.0,739.0
76.0,8700.063975837453
80.0,9715.6487980105
367.0,8824.957042957043
791.0,7111.875
708.0,16186.333333333334
754.0,27084.366666666665
907.0,7830.181818181818
1806.0,9993.666666666666
1090.0,10885.23076923077
2779.0,5026.333333333333
3035.0,6359.0
1513.0,7142.428571428572
170.0,10695.148148148148
1833.0,2012.5
1419.0,74263.93103448275
1399.0,46295.607142857145
3454.0,62.0
1204.0,8079.75
721.0,18692.045454545456
928.0,2867.3333333333335
1637.0,5034.4
5729.0,764.0
2574.0,589.0
161.0,8908.452423698383
24.0,5546.640323304894
109.0,10187.620355411955
524.0,8799.353876739562
1187.0,14369.666666666666
751.0,5907.375
1018.0,3897.8947368421054
3538.0,5218.75
874.0,11490.058823529413
3019.0,17747.0
346.0,10012.32023911187
495.0,10351.253703703704
358.0,7830.226499552373
620.0,14326.12048192771
840.0,9345.782608695652
1207.0,31054.333333333332
3060.0,6076.666666666667
1710.0,39063.32142857143
12578.0,6114.0
210.0,18143.58811881188
150.0,9488.667198977962
822.0,22771.75
2686.0,43929.0
843.0,2058.6666666666665
1586.0,7772.0
1702.0,644.8333333333334
1887.0,1835.6666666666667
1192.0,14153.363636363636
1545.0,5704.25
1133.0,3290.5
538.0,6554.219417475728
720.0,2404.233333333333
1223.0,41556.875
1495.0,1029.5
1506.0,3187.8333333333335
1796.0,2642.25
2304.0,480.0
3511.0,190.66666666666666
88.0,10937.595986268814
69.0,10350.404906423875
447.0,7490.475968992248
432.0,9648.137733142037
3650.0,630.5
1281.0,8526.57142857143
2286.0,52001.0
1630.0,2371.0
933.0,8321.733333333334
1395.0,22444.666666666668
1697.0,6990.166666666667
220.0,10785.76368221942
450.0,9008.835635359115
940.0,9893.277777777777
2049.0,9498.0
1197.0,6537.888888888889
1181.0,3783.625
2588.0,1589.5
734.0,11684.75
3272.0,838.0
1968.0,486.0
567.0,6194.645217391304
557.0,8557.553299492385
44.0,6628.073938348782
126.0,9824.506510416666
370.0,8693.538461538461
426.0,7391.333333333333
1721.0,2143.0
900.0,6415.181818181818
800.0,4515.307692307692
1353.0,15642.09090909091
2535.0,2728.5
2673.0,12699.0
2962.0,3032.75
1420.0,32065.363636363636
42.0,8345.266651665166
16.0,4469.38934335618
159.0,14962.003364737551
171.0,11612.441110756463
694.0,10108.833333333334
470.0,8769.920245398773
926.0,6749.25
809.0,12472.384615384615
1086.0,17741.833333333332
1085.0,13453.333333333334
2491.0,177.0
7501.0,2018.0
121.0,9751.677917068466
203.0,11537.108305128873
188.0,11287.926509967272
399.0,12389.867881548975
395.0,7869.750898203592
787.0,42417.03448275862
865.0,8903.208333333334
702.0,8568.346153846154
1679.0,1614.5454545454545
812.0,2796.5882352941176
1297.0,7698.1
3021.0,803.0
2287.0,8870.0
3173.0,1061.0
2597.0,6040.5
45.0,7557.090462982718
478.0,7938.297872340426
585.0,7935.290246768508
551.0,10595.730103806229
1879.0,2463.6666666666665
780.0,8735.76923076923
806.0,6664.2
1636.0,18361.0
1131.0,8921.111111111111
1212.0,3747.846153846154
2063.0,709.5
2874.0,132.0
62.0,9624.783497884344
1762.0,7586.25
2536.0,333.0
1618.0,6991.0
1696.0,2126.5
2794.0,15986.5
4918.0,357.0
398.0,10585.234444444444
593.0,8064.514455782313
489.0,8874.01
1418.0,42645.25
1622.0,989.4
1225.0,5639.444444444444
2194.0,43492.5
2521.0,18229.5
1179.0,16180.666666666666
1628.0,1540.4
3473.0,24.0
2231.0,311.0
3475.0,65.0
7489.0,346.5
464.0,8621.883280757098
1531.0,3190.8333333333335
756.0,8644.105263157895
699.0,9781.809523809523
1040.0,23260.75
2639.0,35.0
1985.0,5810.5
3523.0,1732.3333333333333
6589.0,1933.0
709.0,3165.121212121212
762.0,6209.909090909091
1044.0,2628.285714285714
3923.0,929.0
2390.0,19951.0
8354.0,110.0
164.0,11959.084434418304
656.0,15826.636363636364
893.0,10619.2
661.0,6543.238095238095
856.0,7431.894736842105
1262.0,83096.25
1893.0,552.5
710.0,11894.41935483871
2923.0,5703.0
4435.0,595.0
46.0,6594.449321824907
584.0,9306.310756972112
1433.0,2213.875
1465.0,23752.14285714286
1571.0,7873.333333333333
1202.0,3428.769230769231
858.0,3741.7272727272725
2667.0,2542.0
1237.0,10737.545454545454
3580.0,356.5
4394.0,16698.0
2730.0,6647.666666666667
1357.0,21237.2
1665.0,16292.0
883.0,2470.5833333333335
1457.0,13771.0
162.0,12628.92591350989
420.0,10926.56531284303
93.0,7390.0739195231
1394.0,74056.35087719298
1453.0,13724.857142857143
1332.0,459.75
7229.0,109564.0
1125.0,5288.5
1663.0,65099.0
1883.0,3381.6666666666665
1008.0,6816.0
3989.0,6248.0
7243.0,6033.0
52.0,7881.7282581295685
199.0,10615.003924866834
1714.0,432.2
2029.0,7545.25
2511.0,34948.5
1489.0,5100.166666666667
1010.0,13238.142857142857
22.0,4526.712612612612
732.0,7233.515151515152
755.0,2626.714285714286
1178.0,27791.4
2149.0,1540.5
3478.0,167.66666666666666
600.0,6963.875651041667
167.0,10116.076824583866
640.0,8822.958974358975
563.0,8401.945848375452
2688.0,17539.0
1155.0,10111.7
1323.0,15517.444444444445
678.0,4569.916666666667
191.0,11746.971863336204
463.0,7701.443521594684
1401.0,4148.375
2338.0,104872.0
2116.0,1325.0
1505.0,16360.333333333334
1932.0,538.3333333333334
534.0,9288.95081967213
666.0,5295.962962962963
724.0,22952.103448275862
1004.0,54082.9
1110.0,10542.0
948.0,7433.777777777777
1596.0,21880.0
851.0,7128.75
863.0,1729.5555555555557
2065.0,754.5
790.0,6859.857142857143
5098.0,80637.0
30478.0,88.0
147.0,8122.928426051561
81.0,9936.485773562537
95.0,8344.603493449782
304.0,8845.935231714126
670.0,10516.787878787878
572.0,8989.777955271566
1648.0,1671.5
1720.0,3977.0
2937.0,925.0
4307.0,2048.0
2017.0,471.6666666666667
2642.0,23134.0
5394.0,4492.0
1109.0,7245.733333333334
1493.0,10803.0
1794.0,6039.0
2406.0,2037.0
1368.0,9537.333333333334
1872.0,26896.2
2213.0,1518.3333333333333
112.0,8434.846650799049
375.0,9286.70796460177
106.0,7361.895643693108
438.0,11537.24375917768
382.0,8125.185968819599
333.0,10541.679525222551
1428.0,25792.428571428572
1235.0,14870.583333333334
2347.0,17997.0
2382.0,200.0
165.0,15526.328428093646
610.0,8036.335483870967
846.0,5217.272727272727
908.0,9824.058823529413
1277.0,39937.90909090909
2628.0,3477.0
1894.0,4212.0
3824.0,254.0
204.0,14282.46579218107
265.0,12151.1277486911
608.0,11581.770318021201
98.0,10728.940575673167
995.0,8088.333333333333
1163.0,9924.90909090909
1940.0,14586.6
1308.0,11409.8
717.0,5459.8
3981.0,10175.0
3375.0,10913.0
6303.0,490.0
145.0,10757.85344537815
581.0,8582.781428571428
641.0,11745.065989847715
1107.0,14199.90909090909
910.0,4086.0
795.0,4714.375
1365.0,13173.8
3548.0,1260.5
2168.0,585.0
1950.0,13219.0
1099.0,2400.875
139.0,8540.232409381662
205.0,17165.42831495255
268.0,12501.330357142857
342.0,8477.4088
777.0,10352.857142857143
2784.0,33386.5
691.0,15348.76
1172.0,4528.25
1083.0,3115.0
3974.0,8678.0
966.0,29980.846153846152
1239.0,9269.92857142857
1263.0,58816.21428571428
3471.0,10788.0
2713.0,20829.0
1777.0,10129.333333333334
59.0,10752.574550752792
115.0,8697.912804668726
916.0,6229.933333333333
3554.0,2725.0
2598.0,4313.0
2268.0,477.3333333333333
789.0,8084.384615384615
1915.0,195.0
2106.0,18999.0
2609.0,904.0
19.0,4923.655270034843
235.0,13651.853263707571
32.0,8711.246136449303
283.0,10443.029462738301
515.0,7711.907918968693
1078.0,552.0
2956.0,27240.0
2967.0,378.0
1077.0,2380.1111111111113
2658.0,10436.0
2007.0,3689.0
521.0,8460.203935599284
138.0,9409.907904548843
1020.0,16835.363636363636
1041.0,7181.5
738.0,14280.692307692309
743.0,19790.1
2255.0,571.0
3217.0,237.0
1213.0,17979.5
1741.0,3197.6666666666665
571.0,9481.824590163935
3425.0,3895.0
357.0,7202.916287534122
2620.0,7950.166666666667
977.0,12635.666666666666
1742.0,2898.5
897.0,950.0833333333334
951.0,5443.090909090909
2013.0,51964.5
2693.0,25089.5
8971.0,487.0
259.0,10473.866922584773
605.0,8518.884711779448
558.0,9190.04248366013
1313.0,18307.666666666668
1339.0,7272.0
845.0,31297.333333333332
1426.0,11342.5
1160.0,6891.1
1408.0,3495.0
3567.0,3234.5
257.0,9992.956643792888
227.0,11393.81634241245
25.0,4743.307386112339
339.0,8847.42534992224
650.0,7740.8125
887.0,5723.222222222223
984.0,6765.636363636364
2481.0,9961.0
1849.0,11194.75
1309.0,25094.6
1011.0,5546.666666666667
1167.0,1897.7142857142858
2575.0,60.0
84.0,8703.36490008688
532.0,6521.715355805243
1483.0,39660.25
825.0,18805.5
1137.0,1996.5
929.0,38854.28571428572
1360.0,4441.2
267.0,13825.81840974212
321.0,10119.466180371353
36.0,7008.602698650675
298.0,10565.824015556636
2244.0,2726.5
1062.0,9003.75
1947.0,3600.5
1776.0,1596.0
1268.0,12964.5
33.0,5783.0467604517535
221.0,11484.779427645788
303.0,10671.652268999453
556.0,8155.304189435337
712.0,53115.769230769234
2273.0,949.0
2362.0,8936.0
1351.0,137796.125
2219.0,2295.0
3857.0,61.0
2228.0,195.0
2081.0,2386.0
79.0,8026.937402190923
104.0,9284.007731958764
315.0,7390.220838794234
824.0,5960.888888888889
1142.0,3614.1
1706.0,322.8
2380.0,1947.0
771.0,3276.0
862.0,26227.095238095237
1722.0,561.3333333333334
1414.0,29632.8
819.0,8842.5
1460.0,23081.53846153846
939.0,21771.583333333332
3883.0,15938.0
2887.0,23954.0
2073.0,3700.5
166.0,9256.08647290994
444.0,8512.60635359116
1546.0,858.3333333333334
730.0,22011.379310344826
1763.0,2693.6
667.0,9591.083333333334
763.0,6966.7692307692305
2614.0,973.5
272.0,13795.979922779923
309.0,11051.961866818441
452.0,13100.129657228017
511.0,5164.209677419355
461.0,11306.121765601218
606.0,7442.183510638298
614.0,15500.983870967742
1619.0,2631.0
664.0,8276.137931034482
2391.0,9838.0
1726.0,533.6666666666666
8273.0,15.0
473.0,7157.725274725275
427.0,8396.233103448276
383.0,11274.529288702928
458.0,8336.212624584718
627.0,6829.343915343916
3598.0,697.0
3242.0,33.0
1421.0,13558.0
3705.0,1251.0
1772.0,26850.0
2736.0,2388.0
5487.0,1018.0
8413.0,5165.0
454.0,6873.269565217392
586.0,10412.77385620915
1454.0,18825.11111111111
6148.0,658.0
1348.0,1139.1666666666667
773.0,7162.35
986.0,1757.8
1329.0,10655.78947368421
1604.0,10238.8
4246.0,235.0
231.0,18568.06296114117
15.0,4928.906792174234
421.0,9197.685305591678
915.0,52245.8
941.0,7902.2307692307695
801.0,9818.142857142857
3363.0,51966.0
1383.0,37720.933333333334
2183.0,1540.3333333333333
2799.0,19159.55
564.0,10271.652542372882
92.0,10065.533388981636
4.0,1880.3714416896235
591.0,9587.141575274178
1627.0,4884.285714285715
1795.0,6267.0
1488.0,8198.0
2885.0,52185.0
1725.0,3580.6666666666665
1128.0,16978.090909090908
1092.0,53517.333333333336
2674.0,2771.0
2185.0,2343.0
4092.0,25150.0
657.0,15748.816037735849
245.0,11857.996007984031
198.0,11058.580027359782
727.0,8957.058823529413
1530.0,2626.375
1307.0,11840.285714285714
1289.0,27717.333333333332
1180.0,5985.75
1751.0,3759.3333333333335
857.0,5849.142857142857
1318.0,9684.888888888889
1692.0,852.6
1273.0,30490.4
319.0,9147.38604353393
232.0,10492.512157268495
73.0,10393.590055248618
136.0,8554.90864197531
512.0,7521.164744645799
924.0,6523.473684210527
1615.0,22586.0
1765.0,499.0
1912.0,1529.0
1835.0,11336.0
365.0,8469.351778656126
130.0,11253.208488964347
279.0,12014.728179551123
1206.0,9598.857142857143
826.0,7199.0
1592.0,20510.0
890.0,4100.625
1168.0,12804.0
1471.0,16108.5
1117.0,1235.4
2399.0,9003.0
619.0,8474.13698630137
439.0,7943.969372128637
431.0,7611.4003115264795
1389.0,37826.625
1205.0,2809.4
1171.0,20976.916666666668
958.0,2299.8
1094.0,32693.0
2349.0,39.0
1494.0,438242.5
1233.0,48077.666666666664
923.0,8480.142857142857
1186.0,5662.25
793.0,10271.4
878.0,7378.136363636364
680.0,20445.5
796.0,2486.6923076923076
6369.0,387.0
469.0,7615.899317406143
108.0,8972.025379037574
31.0,6910.636610711431
636.0,8500.201754385966
987.0,1052.4444444444443
1651.0,4748.0
1431.0,11380.42857142857
1264.0,25559.666666666668
1292.0,2851.5
848.0,1806.0
1161.0,7153.5
2531.0,51.0
1386.0,132413.0
306.0,9671.799687825182
290.0,13705.05493482309
63.0,11629.09124726477
344.0,10700.209546925566
387.0,11945.284745762712
638.0,10089.63963963964
817.0,9054.058823529413
1350.0,26924.5
781.0,12404.0
742.0,5402.615384615385
2504.0,553.5
2245.0,49320.0
7820.0,196.0
3087.0,4485.5
5335.0,2041.0
246.0,9803.19269005848
141.0,10090.844360644498
476.0,11405.540930979134
747.0,3911.0
2386.0,2605.0
3385.0,391.0
2437.0,4601.0
490.0,10633.02460456942
472.0,8279.802426343154
616.0,9306.30035335689
782.0,16109.136363636364
816.0,59621.57894736842
831.0,5018.666666666667
877.0,8221.111111111111
5441.0,31201.0
3184.0,501.0
1257.0,705.3333333333334
935.0,1814.3
5930.0,377.0
517.0,10201.591575091576
488.0,7316.825806451613
328.0,11326.936459909228
1105.0,6344.833333333333
2577.0,287.0
2581.0,6885.0
1327.0,6869.714285714285
2909.0,112557.5
2621.0,1563.25
226.0,10728.268920676202
381.0,16613.775185577942
583.0,7609.576158940397
142.0,8008.823848238482
475.0,7731.806552262091
393.0,6703.474972191324
407.0,19373.03929024081
979.0,7555.666666666667
808.0,2029.6666666666667
693.0,15183.735294117647
1158.0,14598.1
1554.0,5430.666666666667
1247.0,1482.5714285714287
1522.0,17366.11111111111
1104.0,5806.6
674.0,33114.045454545456
2184.0,209.66666666666666
1175.0,21204.5
2407.0,4085.5
1241.0,20309.333333333332
2433.0,31170.0
6438.0,185186.0
244.0,12184.499448732084
157.0,10606.200558074643
553.0,7975.92349726776
282.0,9182.22270552414
287.0,9240.24488868696
1694.0,1051.875
1256.0,54883.27272727273
5852.0,627.0
1573.0,9381.8
160.0,9545.468559837727
156.0,8860.204034391534
498.0,6696.405204460966
467.0,8854.630882352942
1757.0,5505.0
1444.0,26455.79
963.0,18078.941176470587
1102.0,4082.5
1472.0,41546.666666666664
1039.0,3211.7
3510.0,28542.5
1190.0,30836.30769230769
1149.0,1506.3333333333333
1468.0,578486.0
300.0,9600.843342981187
402.0,9142.604624277457
28.0,5909.817315590603
253.0,12231.940667094292
520.0,7839.6164383561645
1563.0,11253.625
938.0,22062.25
1397.0,3920.0
767.0,12095.0
1214.0,12097.222222222223
2274.0,53649.0
6248.0,22966.0
1305.0,45971.692307692305
3760.0,15490.0
481.0,7198.9345661450925
562.0,9913.075993091537
565.0,8311.189597315437
307.0,12474.229470005825
625.0,8367.561475409837
131.0,10227.091444405958
725.0,11983.08695652174
629.0,10237.424460431655
750.0,6757.444444444444
1424.0,33775.57142857143
1699.0,872.8888888888889
1151.0,3071.4
5386.0,4478.0
2370.0,306.0
3781.0,13636.0
1862.0,397.0
215.0,10318.83214197683
238.0,12384.023985239852
422.0,8895.904580152672
230.0,11644.068032571578
414.0,6629.362880886427
1014.0,12785.0
1064.0,9993.0
1089.0,5874.428571428572
679.0,5142.85
1711.0,32066.125
1069.0,1225.857142857143
330.0,11774.17083631165
418.0,8230.417127071823
637.0,24386.594470046082
814.0,17314.45
582.0,7589.639465875371
1170.0,10518.8
1732.0,1851.888888888889
1217.0,13103.57142857143
2160.0,1489.6
1815.0,12638.0
1734.0,3263.5
2354.0,9304.0
525.0,7737.595959595959
711.0,12765.115384615385
861.0,10082.916666666666
1319.0,14666.5
783.0,5302.666666666667
1747.0,6134.571428571428
1087.0,4763.642857142857
8094.0,383.0
891.0,42245.230769230766
2495.0,16380.5
3517.0,6124.5
1989.0,1620.3333333333333
1367.0,39317.75
1752.0,9147.333333333334
2148.0,53953.0
2355.0,2346.6666666666665
135.0,9090.376347708894
289.0,10227.911687170474
988.0,20326.444444444445
1148.0,7457.7
2039.0,16430.333333333332
60.0,10504.053465346535
237.0,10756.840063761956
114.0,9310.518096514745
125.0,10485.572147123547
280.0,11906.575591216217
155.0,7636.161861757555
297.0,8836.292950391646
953.0,6625.615384615385
779.0,6981.645161290323
888.0,1800.0714285714287
1229.0,15088.75
61.0,8832.086404330626
111.0,8626.929309231762
212.0,9959.948974358975
568.0,7529.958208955224
401.0,6727.727790432802
443.0,9364.969162995594
669.0,7756.583333333333
786.0,14420.266666666666
1730.0,875.1666666666666
2702.0,5994.75
1970.0,551.0
736.0,9060.0
2523.0,1531.0
1511.0,1217.8
37.0,7525.716390841079
252.0,11483.35043263288
541.0,12727.018484288355
612.0,6244.891791044776
1674.0,9629.25
1035.0,5223.727272727273
905.0,21002.466666666667
1118.0,4261.888888888889
9178.0,3840.0
633.0,15339.429223744291
1398.0,42771.083333333336
898.0,3945.2631578947367
2153.0,631.3333333333334
3982.0,35991.0
2402.0,520.0
844.0,3596.705882352941
2061.0,1011.5
218.0,12000.768386935926
508.0,13651.75785582255
0.0,905.64
502.0,9431.82831858407
1406.0,11958.333333333334
660.0,13173.32142857143
960.0,10348.4
1288.0,27715.833333333332
1251.0,15651.521739130434
1052.0,10174.272727272728
705.0,8213.384615384615
1552.0,4911.8
872.0,5200.0
1942.0,27190.0
1028.0,1434.375
1290.0,58992.333333333336
2053.0,29084.0
2015.0,672.3333333333334
2738.0,12961.0
338.0,7767.133763094279
683.0,10863.6
850.0,5540.307692307692
1242.0,4076.285714285714
1785.0,13178.666666666666
1218.0,53372.9
838.0,6163.130434782609
2709.0,18411.6
1140.0,10590.0
1302.0,8685.5
373.0,7293.363636363636
1169.0,19353.85714285714
1661.0,4214.5
1459.0,33501.0
1474.0,43748.705882352944
635.0,9474.685863874345
1024.0,9803.0
914.0,3294.3
1312.0,65161.28571428572
672.0,14928.527777777777
1844.0,10.0
3241.0,466.0
208.0,14351.907639979068
634.0,9609.98076923077
875.0,4904.32
1376.0,6387.5
1392.0,10216.941176470587
1134.0,20071.444444444445
2467.0,109.0
184.0,13858.146238377007
433.0,7084.875562218891
1670.0,1122.5
1405.0,7423.8
1442.0,47119.0
1404.0,54553.608695652176
985.0,4222.846153846154
1542.0,14853.833333333334
947.0,1053.5714285714287
1839.0,910.3333333333334
1106.0,1890.7777777777778
1808.0,5429.666666666667
1248.0,15016.0
6561.0,484.5
1228.0,12725.833333333334
323.0,10810.269741439553
3518.0,1000.0
1439.0,16027.083333333334
6378.0,201.0
1805.0,196.66666666666666
950.0,1867.0
613.0,7772.06640625
2607.0,5745.333333333333
5515.0,1573.0
75.0,8853.35190144617
213.0,9626.85689090451
352.0,9873.25176056338
626.0,7304.028455284553
334.0,10995.947157726181
587.0,7416.669014084507
706.0,7388.294117647059
1055.0,30862.727272727272
1026.0,39980.5
818.0,15545.8125
3556.0,853.5
685.0,3356.2
7197.0,1408.0
74.0,10905.2869379015
539.0,8052.657068062827
695.0,12412.04347826087
673.0,8775.166666666666
828.0,19491.714285714286
2292.0,357.0
967.0,8935.0
1463.0,30036.5
776.0,4266.631578947368
4367.0,3073.0
13.0,3186.342429995254
153.0,7685.461701376633
575.0,8880.453396524486
899.0,7863.208333333333
1278.0,4135.75
2188.0,2793.0
1786.0,17897.5
1655.0,2599.3333333333335
4156.0,167.0
2318.0,1134.0
1817.0,3783.25
1001.0,2487.875
886.0,1608.4
1023.0,5812.0
1585.0,12053.5
3105.0,1376.0
1685.0,2356.5
2782.0,1649.0
2363.0,4032.0
2205.0,686.0
1507.0,5304.2
955.0,1539.25
1566.0,1694.3333333333333
3733.0,645.0
3300.0,943.0
2694.0,9180.5
2060.0,24954.0
1354.0,7083.0
2871.0,13288.0
1537.0,5760.0
1750.0,17107.0
4983.0,4443.0
1764.0,3627.0
3472.0,128.5
2054.0,423.0
2507.0,163296.0
1951.0,25420.0
2497.0,2880.0
7030.0,85444.0
1456.0,74776.6
1802.0,949.0
1380.0,7685.25
1516.0,4610.142857142857
1667.0,4208.333333333333
1608.0,303.0
3948.0,7473.0
2271.0,616.0
1558.0,4100.25
2104.0,2029.3333333333333
3119.0,3065.0
2716.0,2583.0
1349.0,45618.0
1440.0,2334.0
4291.0,203.0
1518.0,1897.0
2045.0,44781.333333333336
2090.0,2432.0
56875.0,10345.0
1355.0,13756.9
2034.0,376.0
3565.0,4280.0
2279.0,5961.4
1891.0,552.6666666666666
3389.0,530.0
2747.0,997.0
4341.0,1941.0
1492.0,62271.8
2079.0,42941.5
3799.0,2350.0
3816.0,77.0
3961.0,134.0
2141.0,2111.0
5223.0,1631.0
1960.0,59918.0
1599.0,4458.75
1.2283983E7,3140.0
2561.0,969.5
3696.0,1913.0
4415.0,1564.0
2999.0,8047.5
2527.0,152.0
1234.0,9729.5
2816.0,19835.666666666668
2190.0,26602.0
2623.0,32757.0
2186.0,23656.0
3990.0,156.0
2151.0,22275.0
2883.0,31829.666666666668
1775.0,1516.0
6510.0,5191.0
7179.0,131.0
2329.0,442.3333333333333
1829.0,5305.0
1451.0,16645.416666666668
2129.0,4162.0
2139.0,2033.0
1653.0,30.333333333333332
1758.0,5745.0
2096.0,628.0
1009.0,9021.333333333334
2120.0,3598.0
1836.0,2721.75
2385.0,29002.0
16092.0,81.0
1549.0,10549.5
3550.0,116.0
973.0,2511.5454545454545
1928.0,315.0
1583.0,75457.4
3002.0,1371.0
2680.0,3534.0
1568.0,216.0
4046.0,2861.0
2492.0,299.0
1791.0,178.6
2214.0,4821.0
1594.0,70.0
3686.0,14937.0
2958.0,5034.0
1659.0,22062.0
4268.0,118968.0
2878.0,5709.0
1461.0,89754.0
4312.0,192.0
10239.0,292.0
3327.0,14760.0
3932.0,265.0
1027.0,12106.92857142857
1927.0,179.5
1707.0,155.33333333333334
2003.0,1446.5
2226.0,1357.5
1646.0,2512.0
1127.0,807.1428571428571
1981.0,12073.75
3768.0,880.0
1108.0,1585.0
2142.0,1096.5
1508.0,2084.1666666666665
2230.0,2459.6666666666665
3006.0,418.0
1579.0,1454.8
6388.0,2106.0
2671.0,662.0
1868.0,15378.5
4147.0,341.0
2553.0,456.0
4017.0,10430.0
3413.0,2123.0
1082.0,9713.875
39914.0,11355.0
9193.0,1595.0
3477.0,96.5
1591.0,7503.0
1216.0,10748.833333333334
3800.0,1118.0
2340.0,3776.5
1847.0,7660.0
1884.0,596.75
2103.0,3908.5
2596.0,8571.5
1544.0,5777.5
1510.0,9250.0
4001.0,21363.0
1698.0,4402.75
3061.0,9274.5
31340.0,2201.0
1822.0,3842.0
1729.0,1446.6666666666667
1837.0,99.5
2678.0,1989.0
3110.0,543.0
1682.0,5851.0
1222.0,89534.5
2608.0,3715.0
4855737.0,109.0
1860.0,1302.75
1603.0,2295.1428571428573
1371.0,39982.8
3487.0,2599.0
1258.0,2500.4
2193.0,569.0
1719.0,558.8571428571429
2311.0,38111.5
1012.0,15512.333333333334
3307.0,680.3333333333334
3232.0,134.5
3346.0,15909.0
2905.0,8793.0
3353.0,446.0
1060.0,2506.6923076923076
2461.0,318.0
1601.0,149691.33333333334
1803.0,763.0
2792.0,17617.0
3845.0,37477.5
1135.0,11074.111111111111
3564.0,2491.0
2705.0,18446.0
3706.0,11374.5
1669.0,298.8
3718.0,1185.0
2038.0,3253.0
1779.0,2665.0
4526.0,8533.0
2849.0,133103.0
1918.0,187.0
2591.0,12597.0
8135.0,1469.0
1856.0,4293.0
1904.0,2689.0
3484.0,309.0
2303.0,17753.0
3762.0,2309.0
4388.0,33.0
3137.0,364.0
3513.0,33007.0
1880.0,598.0
3328.0,16112.0
3420.0,400.5
1995.0,572.0
8710.0,804.0
2862.0,10499.333333333334
3531.0,34.0
1435.0,46257.0
1689.0,1485.3333333333333
3297.0,315.0
1923.0,2320.0
2448.0,21881.0
39452.0,501.5
94262.0,286.0
2778.0,4233.5
3216.0,12021.0
2520.0,4814.333333333333
5408.0,16311.0
2473.0,11045.0
3358.0,4102.0
9836.0,5337.0
1638.0,16513.5
2755.0,2316.0
1625.0,2050.0
3463.0,17.0
1921.0,1323.0
1595.0,146.0
1759.0,257.0
2647.0,62179.0
3905.0,8572.0
2250.0,1093.0
1998.0,532.5
4625.0,3369.0
3846.0,111.0
4205.0,931.5
4132.0,320526.0
3321.0,269.0
2334.0,33961.0
1991.0,5330.5
1311.0,24911.8
2016.0,59753.0
4740.0,17407.0
2439.0,706.0
2201.0,25266.0
1274.0,25799.0
3383.0,18841.0
1905.0,178.0
2797.0,3002.0
2881.0,541.0
1415.0,18406.8
3573.0,977.3333333333334
2638.0,13054.0
2594.0,1394.0
1486.0,5213.2
1873.0,2755.0
2764.0,37779.5
3256.0,4371.666666666667
1911.0,101.0
2879.0,56134.333333333336
3545.0,64.0
3827.0,536.0
2524.0,3089.0
3168.0,8882.333333333334
2172.0,1703.0
5717.0,112.0
37581.0,1338.0
2000.0,610.0
5131.0,37544.0
2114.0,17037.0
1866.0,606.5
1159.0,3954.0
4152.0,696.0
1458.0,30614.4
1574.0,3488.3333333333335
2425.0,3119.0
2663.0,47.0
2501.0,1403.0
4219.0,23183.0
6537.0,198.0
3337.0,170.0
2270.0,4574.5
3214.0,2022.5
4968.0,3803.0
2850.0,11945.0
2211.0,26131.0
12859.0,8014.0
1504.0,6249.625
2248.0,527.0
1996.0,42419.5
1766.0,9082.666666666666
2640.0,1705.0
2326.0,1226.0
1559.0,4384.6
1441.0,1181.0
3284.0,1787.0
3189.0,166.5
3498.0,735.0
4141.0,271.0
5421.0,317.0
2200.0,3184.0
4121.0,9386.5
1034.0,41038.666666666664
2076.0,305.0
1482.0,709.5
3604.0,69251.0
3141.0,17241.5
2458.0,184.5
3894.0,14064.5
2006.0,24164.5
1340.0,16934.125
3433.0,8632.0
3917.0,2663.0
3712.0,800.0
3221.0,32.0
2256.0,730.0
1523.0,58905.0
2869.0,315.0
2606.0,2716.0
3079.0,93.0
2364.0,2671.5
3146.0,20142.0
2762.0,33893.0
1713.0,960.0
1966.0,551.0
5459.0,2039.0
1005.0,5289.4
3540.0,73.0
1578.0,21725.25
2611.0,122.0
1718.0,8955.666666666666
1869.0,713.0
3772.0,136.0
3083.0,3458.0
2612.0,2757.0
4207.0,19195.0
1662.0,12817.666666666666
3601.0,160.0
1703.0,4703.666666666667
2556.0,8531.333333333334
3655.0,62511.666666666664
1754.0,1794.3333333333333
21601.0,1425.0
2085.0,7340.4
1823.0,1227.5
1150.0,11097.4
2759.0,25974.0
5463.0,21356.0
2401.0,282.5
3631.0,3097.5
1422.0,8882.142857142857
1036.0,17247.2
1919.0,14314.0
1564.0,8462.5
2222.0,5459.5
1994.0,1496.5
2325.0,1083.0
1832.0,48137.0
1896.0,1433.0
3001.0,1204.75
2400.0,19519.0
2832.0,12461.0
1485.0,7533.75
1000.0,290.5
3253.0,14176.0
1116.0,6712.615384615385
1255.0,36367.4
2988.0,36.0
3163.0,5356.0
5782.0,75361.0
2933.0,3197.0
1063.0,10484.8
2236.0,207.0
2496.0,1807.3333333333333
1617.0,0.0
2478.0,2580.0
2247.0,9248.0
2630.0,2351.0
4933.0,15329.0
3415.0,80.0
3992.0,3374.0
1871.0,9749.333333333334
1974.0,10564.0
2220.0,426.6666666666667
3359.0,38.0
7623.0,1302.0
10666.0,1141.0
1733.0,56556.0
1946.0,1248.0
3717.0,126.0
3135.0,9832.0
3669.0,43.0
3563.0,3625.0
2615.0,3671.0
1649.0,626.0
2805.0,3632.0
1631.0,73.0
6979.0,3529.0
3395.0,2809.0
2875.0,606.0
1643.0,310.5
1238.0,29063.0
3315.0,373.0
3524.0,3461.0
2652.0,7315.0
1876.0,547.0
2430.0,16949.5
2075.0,10195.0
1533.0,12542.0
1633.0,1854.0
3181.0,4846.666666666667
4476.0,562.0
3925.0,38558.0
3719.0,1676.0
4787.0,3324.0
1333.0,15864.666666666666
3332.0,1086.0
7833.0,73.0
3774.0,1054.0
1816.0,466.0
2314.0,3210.0
2199.0,8643.0
2512.0,1581.0
2470.0,41.0
1749.0,341.0
1536.0,406.25
1269.0,17002.25
2858.0,44.0
2701.0,203.5
5431.0,1056.0
2830.0,58764.0
4505.0,446.0
1824.0,1936.6666666666667
4921.0,70.0
936.0,8273.5
2735.0,1633.0
24583.0,2682.0
2121.0,29227.666666666668
3649.0,2976.0
1920.0,509.0
1886.0,45715.0
2182.0,20968.0
2528.0,42586.42857142857
2094.0,1841.25
1356.0,11791.2
2646.0,10801.0
1890.0,1058.0
5491.0,292.0
3113.0,74.0
2350.0,3181.5
3424.0,332.0
4054.0,58.0
3268.0,167.0
2995.0,13080.0
2731.0,128.5
1739.0,281.3333333333333
3330.0,487.5
3481.0,261.6666666666667
1744.0,511.3333333333333
1967.0,11704.25
2300.0,1421.0
1562.0,2976.0
2929.0,178902.0
3080.0,52770.0
3020.0,1113.0
2695.0,7749.0
3539.0,438.0
2110.0,4442.0
2471.0,208.0
1584.0,17099.0
1141.0,9118.333333333334
3357.0,78.0
2080.0,2800.0
1566804.0,4817.0
2218.0,3763.0
2068.0,181.0
2240.0,35169.0
7185.0,77601.0
3273.0,16822.0
1645.0,26120.333333333332
1930.0,5835.0
2342.0,165.0
3210.0,2562.0
1193.0,56057.36363636364
1282.0,1919.25
2178.0,4529.0
956.0,619.0
1058.0,4524.428571428572
4040.0,196.0
6579.0,547.0
1572.0,502.0
2526.0,10659.0
5924.0,109.0
2904.0,2475.0
2500.0,152.0
2677.0,978.0
1934.0,2064.0
4286.0,14908.0
3134.0,282.0
2479.0,596.0
4509.0,578.0
1899.0,1681.6
1787.0,16445.2
3434.0,48288.0
5471.0,80017.0
3252.0,45318.0
1961.0,1617.0
1901.0,9204.0
3040.0,11642.0
1688.0,12002.666666666666
2367.0,14340.0
1632.0,7466.0
3763.0,123.0
6439.0,7899.0
1717.0,1640.75
2171.0,7813.0
2187.0,4030.0
2192.0,938.0
2703.0,3276.6666666666665
17138.0,1183.5
991.0,6102.111111111111
1859.0,2048.0
1377.0,3494.5
3522.0,447.0
1691.0,6961.333333333333
1300.0,30106.6
4214.0,28037.0
2431.0,363.0
40246.0,151.0
1650.0,11316.75
3190.0,191.0
3240.0,11106.0
6734.0,290.0
2848.0,6227.5
2625.0,4355.5
2542.0,19755.5
1407.0,4058.25
144330.0,6352.0
2040.0,24865.0
5171.0,4549.0
1841.0,1820.0
1200.0,8402.153846153846
2578.0,347.0
3212.0,133.0
1557.0,8047.666666666667
4045.0,4845.0
1906.0,712.3333333333334
1053.0,1755.5
4980.0,1553.0
4446.0,225.0
3675.0,12101.5
1788.0,16079.333333333334
1402.0,4976.75
3738.0,1253.0
3220.0,232.0
3234.0,2447.0
7050.0,312.0
3656.0,25.0
2133.0,11072.0
2918.0,1963.0
3466.0,41693.0
2964.0,2489.0
1848.0,24337.0
1780.0,4488.0
3578.0,1144.0
2145.0,210.0
3603.0,187.0
3423.0,2004.0
1937.0,1190.3333333333333
2086.0,3310.6666666666665
1885.0,43250.0
4731877.0,3986.0
3187.0,1045.0
1567.0,400.3333333333333
3429.0,262.0
2156.0,21657.5
2132.0,328.5
8783.0,6936.0
1226.0,24164.333333333332
3209.0,368.0
3095.0,3045.0
2112.0,31533.0
2107.0,140.0
2117.0,80212.0
2259.0,767.0
6028.0,2785.0
2343.0,455.0
3053.0,677.0
8188.0,289.0
2760.0,1202.3333333333333
2890.0,63824.5
1756.0,11827.666666666666
2099.0,385777.0
1804.0,208.0
3192.0,1587.0
3945.0,156.0
3005.0,31.0
1897.0,2934.4
1924.0,620.0
3854.0,81473.0
2369.0,360.0
3029.0,40447.0
2907.0,25368.0
10111.0,2244.0
4431.0,2710.0
2894.0,2756.0
3160.0,104.0
3276.0,6491.0
5281.0,9729.0
1326.0,840.6666666666666
4807.0,13793.0
2506.0,40852.0
1620.0,678.5
3663.0,53610.0
2295.0,3894.0
1336.0,593.6666666666666
2752.0,75258.0
3735.0,339.0
1850.0,5633.0
4193.0,2734.0
2302.0,10844.0
4971.0,1911.0
1515.0,10492.0
9200.0,255.5
3535.0,16.0
2562.0,1264.0
2700.0,48819.0
1466.0,1203.0
1948.0,48.0
9621.0,2809.0
2208.0,950.0
2262.0,272.0
2371.0,7055.0
7097.0,238.0
2088.0,1143.0
2459.0,57381.0
2397.0,3179.0
6373.0,586.0
12158.0,2698.0
3506.0,86.0
3830.0,110.0
3075.0,101.0
4324.0,2917.0
1881.0,156.0
2023.0,1617.0
1955.0,4795.5
5262.0,211.0
3465.0,10028.0
5537.0,209.0
2078.0,30.0
2144.0,37235.333333333336
2675.0,13245.0
5323.0,425.0
1959.0,184.0
2043.0,8071.0
3745.0,1377.0
3365.0,79.0
1598.0,33591.5
3195.0,1710.0
2860.0,487.0
2239.0,115.0
1969.0,5266.0
8460.0,19.0
2573.0,3700.0
2516.0,66839.5
2704.0,12087.0
2789.0,2133.6666666666665
2087.0,357.0
2619.0,24250.5
3797.0,13039.0
3811.0,19749.0
2011.0,25.0
1611.0,5121.0
8031.0,277.0
2896.0,8762.5
2641.0,56398.5
4260.0,2485.0
3303.0,480.0
2162.0,678.0
2737.0,1738.5
2046.0,2790.0
3700.0,1671.0
3756.0,5468.0
1623.0,1345.5
2859.0,1721.0
3058.0,1873.0
2483.0,271.0
1634.0,576.3333333333334
2154.0,2724.0
2719.0,1130.0
1132.0,3369.0
4027.0,407.0
3247.0,58289.0
2443.0,199.0
2241.0,754.0
1654.0,1343.0
4116.0,4021.0
1854.0,1291.5
1907.0,516.0
2323.0,602.0
2108.0,83083.5
1909.0,14325.0
3615.0,4801.0
2841.0,9348.0
4399.0,778.0
3421.0,9307.0
4553.0,2569.0
3066.0,11483.0
2246.0,13430.0
6194.0,1043.0
2359.0,315.0
2935.0,6767.0
7048.0,19786.0
3323.0,5031.0
1865.0,2215.0
4056.0,37642.0
3239.0,81993.0
6014.0,336.0
2202.0,1292.0
2916.0,24133.0
2469.0,6957.0
1577.0,4578.0
8428.0,28855.0
9418.0,4125.0
3342.0,25902.0
2801.0,1046.0
3258.0,49.0
3158.0,685.5
1949.0,12980.0
3339.0,65.5
39908.0,8597.0
3657.0,14190.5
1560.0,1430.3333333333333
2966.0,3262.0
3482.0,114.0
39728.0,1145.0
2796.0,193.0
1986.0,160.0
4106.0,2407.0
2584.0,545.0
1797.0,882.0
5200.0,30653.0
1690.0,1112.0
3741.0,765.0
3257.0,390.0
3536.0,84351.5
2570.0,24168.0
1565.0,475.0
2925.0,6458.0
1814.0,1411.6666666666667
3868.0,80692.0
3314.0,10825.5
6926.0,379.0
2681.0,334.0
3596.0,72.0
2051.0,2292.0
2042.0,404.0
2698.0,8628.0
2534.0,269.0
2396.0,207.0
5314.0,23552.0
9459.0,2316.0
2484.0,11885.0
3527.0,316.0
1556.0,11581.0
4087.0,21825.0
2091.0,8.0
3833.0,2102.0
4210.0,1460.0
2140.0,560.0
3136.0,21338.0
2059.0,326.0
2629.0,141.0
2152.0,7676.0
3541.0,141.0
3406.0,3032.0
2768.0,3609.5
1902.0,436.0
2083.0,1790.0
3648.0,18250.0
1842.0,175029.0
2936.0,19.0
5817.0,438.0
2880.0,19388.0
2940.0,331.0
2212.0,2597.0
1976.0,1916.5
1978.0,607.0
4744.0,140650.0
3227.0,20054.0
3275.0,8098.0
2242.0,6068.0
1864.0,587.0
3608.0,6065.0
3304.0,793.0
2550.0,6061.0
4155.0,799.0
1828.0,42245.666666666664
6434.0,15837.0
1569.0,6362.333333333333
3293.0,6200.0
1973.0,2403.0
6370.0,284.0
2071.0,339.5
3333.0,16.0
2163.0,86252.0
2476.0,28400.333333333332
5227.0,61.0
1737.0,3959.6666666666665
1811.0,9054.333333333334
6316.0,263.0
5783.0,218218.0
4135.0,2042.0
3364.0,202.0
2529.0,2220.0
1105867.0,4605.0
2509.0,2900.0
1743.0,1676.3333333333333
1761.0,1971.3333333333333
6654.0,263.0
6943.0,7220.0
3817.0,1.0
2853.0,136656.0
3122.0,2735.0
3071.0,1223.0
3281.0,56.0
4363.0,344.0
8339.0,62.0
8242.0,18.0
8274.0,931.0
3152.0,4570.0
3757.0,24322.0
4308.0,44474.0
3698.0,765.0
2336.0,370.0
1641.0,529.0
3231.0,800.0
2769.0,38633.0
1738.0,851.0
4906.0,42619.0
7091.0,4814.0
1346.0,685688.0
1610.0,7.0
2041.0,1017.0
1467.0,12986.25
3910.0,2728.0
6360.0,437.0
1656.0,4725.0
5639.0,1120.0
2866.0,1633.0
1770.0,1369.5
2415.0,106.0
3542.0,274.0
1695.0,3712.4
2897.0,13275.0
2313.0,65001.0
4942.0,76219.0
4351.0,1834.0
3602.0,145.5
2002.0,9751.0
5844.0,12830.0
2209571.0,3412.0
92208.0,411.0
6279.0,178.0
9071.0,350.5
6352.0,276.0
8627.0,17160.0
2480.0,7325.5
4941.0,626990.0
2957.0,5664.0
2717.0,937.0
2770.0,188.0
1671.0,31703.5
2179.0,188.0
3012.0,596.0
6556.0,39365.0
3426.0,25374.5
3814.0,19627.0
2938.0,1017.0
2330.0,767.0
3574.0,1851.0
2335.0,60.0
5185.0,1166.0
10597.0,278.0
6781.0,819.0
3859.0,1874.0
3467.0,223.0
2136.0,185.0
1809.0,232.33333333333334
4448.0,204.0
7813.0,189.0
4044.0,456.0
3069.0,243.0
2718.0,9235.0
4339.0,13305.0
11623.0,1607.0
2064.0,3757.3333333333335
1644.0,11368.25
2345.0,117.0
2167.0,2222.0
2125.0,7623.5
2166.0,2903.0
1473.0,5605.0
2328.0,6038.0
2868.0,845.0
5336.0,6861.0
2358.0,495.0
2305.0,223.0
2538.0,1740.0
2309.0,1549.0
2050.0,176.0
2036.0,491.0
4483.0,65081.0
6351.0,683.0
3288.0,1650.0
3238.0,4855.0
3749.0,69.0
4466.0,433.0
2105.0,4080.5
3301.0,408.0
3174.0,12643.0
2741.0,30438.0
2258.0,1368.0
2446.0,542.0
2147.0,9306.0
2229.0,3569.0
3622.0,127703.0
3551.0,5195.0
2970.0,1326.0
2707.0,524.0
1944.0,77.0
3343.0,11377.0
2661.0,4071.0
3188.0,2931.0
3104.0,157.0
2558.0,2615.0
3820.0,3820.0
3474.0,98.0
2026.0,4341.0
3073.0,9736.0
6324.0,1693.0
4150.0,604.0
6354.0,345.0
3131.0,2602.0
3289.0,22.0
3794.0,150592.0
1933.0,2089.0
2123.0,1388.5
1774.0,847.0
3100.0,394.0
28406.0,14254.0
5479.0,4125.0
10232.0,434.0
3048.0,33920.0
4640.0,502.0
2624.0,199.0
2892.0,254.0
3183.0,52.0
3036.0,61.0
3368.0,417.0
2277.0,1031.0
2021.0,391.0
2502.0,6680.0
2876.0,192477.0
2378.0,6684.0
10752.0,113.0
3233.0,9924.0
2984.0,284.0
1938.0,29.0
33622.0,12856.0
6933.0,21834.0
3290.0,132.0
4449.0,2242.5
3274.0,738.0
3226.0,391.5
3493.0,423.0
5700.0,3605.0
6092.0,75989.0
2126.0,1174.0
2331.0,1836.0
2383.0,3517.0
2891.0,3424.0
3269.0,301.0
4177.0,25464.0
3015.0,640.0
1975.0,388.0
2373.0,2328.5
2742.0,1064.0
2191.0,3113.0
1977.0,17.0
1347.0,10878.0
4352.0,20.0
2990.0,5039.5
4504.0,905.0
2131.0,22002.0
2959.0,694.0
6321.0,100.0
5725.0,156.0
2310.0,4250.666666666667
7478.0,6848.0
3809.0,24763.0
2095.0,344.0
3046.0,14044.0
3318.0,723.0
7096.0,2782.0
3464.0,398.0
3196.0,5.0
3626.0,73.0
3311.0,3117.0
2113.0,2595.0
2884.0,8816.0
8702.0,1318.0
2030.0,4543.0
2164.0,983.5
3246.0,792.0
3230.0,139.0
2785.0,2514.0
2118.0,381.0
6374.0,118.0
3804.0,161.0
3732.0,53259.0
1987.0,11159.0
2683.0,1360.0
3723.0,654.0
16862.0,57191.0
2852.0,2776.0
5176.0,78.0
3704.0,454.0
1908.0,110.0
2889.0,465.0
2093.0,1190.0
2477.0,43999.0
14703.0,360.0
8295.0,445.0
2802.0,4911.0
3502.0,729.0
3610.0,97.0
4490.0,205.0
5851.0,114.0
5040.0,92.0
37429.0,3249.0
6415.0,185.0
5437.0,416.0
4413.0,6460.0
3312.0,50586.0
2207.0,320.0
4208.0,8327.5
3047.0,57.0
2067.0,14609.0
10233.0,1535.0
3699.0,31834.0
3070.0,9079.0
6086.0,1362.0
6323.0,239.0
4036.0,304.5
3553.0,3527.5
3572.0,1400.0
3681.0,818.0
41932.0,700.0
8132.0,1003.0
2525.0,348.0
2209.0,7115.0
3848.0,275595.0
3016.0,557.0
2440.0,6534.0
2018.0,2794.0
3507.0,43.0
6423.0,437.0
3954.0,1480.0
5716.0,20701.0
2672.0,2461.0
2727.0,18345.0
3361.0,135.0
5393.0,374.0
2972.0,30911.0
1723.0,81.0
1874.0,64329.0
2932.0,3899.0
3569.0,951.0
2224.0,4861.0
1621.0,615.0
640793.0,1366.0
2317.0,0.0
3360.0,81.0
4739.0,85923.0
3500.0,1240.0
4325.0,45.0
5202.0,613.0
3422.0,37.0
3267.0,206.0
3322.0,33163.0
2381.0,5460.0
2243.0,13230.0
6319.0,654.0
9781.0,118.0
3154.0,90.0
4292.0,10389.0
3785.0,86.0
2249.0,2105.0
3223.0,82532.0
1993.0,11120.0
2155.0,72675.0
3486.0,24680.0
2837.0,11418.0
31329.0,4555.0
5357.0,6581.0
3688.0,22.0
2842.0,6157.0
2965.0,7159.0
2254.0,2098.0
2089.0,15770.0
4528.0,1051.0
2462.0,584871.0
3532.0,27.0
2357.0,1100.0
3501.0,332.0
2811.0,17595.0
2283.0,1764.0
3416.0,10747.0
1861.0,780.0
3514.0,1030.0
2659.0,1501.0
2474.0,356.0
2749.0,136802.0
5662.0,13549.0
4543.0,286.0
3457.0,2526.0
5761.0,267.0
3442.0,24.0
5671.0,286.0
3533.0,58.0
3639.0,80.0
6961.0,6272.0
4239.0,449.5
3409.0,841.0
1971.0,538.0
2610.0,1314.0
2455.0,5.0
2052.0,18.0
2394.0,932.0
2961.0,2744.0
4973.0,906.0
16736.0,77.0
4550.0,534.0
2559.0,26955.0
3213.0,4736.0
2900.0,5452.0
4549.0,9114.0
6810.0,87.0
2321.0,272.0
3836.0,719.0
7522.0,7365.0
4203.0,233478.0
1074169.0,3457.0
3379.0,54.0
2159.0,1104.0
2721.0,1069.0
3944.0,620.0
3497.0,31438.0
2217.0,8.0
2384.0,165.0
2320.0,16064.0
4890.0,1253.0
5146.0,2274.0
2341.0,3265.0
3520.0,10706.0
34778.0,1473.0
2533.0,81.0
3151.0,3536.0
1701.0,314.0
3680.0,1074.0
2758.0,1428.0
2555.0,316.0
3638.0,1083.0
3370.0,1328.0
1838.0,1359.0
2216.0,593.0
5465.0,981.0
2622.0,1608.0
9499.0,206.0
8217.0,815.0
2943.0,6832.0
4041.0,1224.0
2910.0,27498.0
7640.0,191.0
2372.0,115203.0
3251.0,1675.0
5988.0,254.0
3561.0,20205.0
7465.0,617.0
3282.0,46755.0
3127.0,132.0
2723.0,1395.0
3338.0,42.0
3726.0,2467.0
2877.0,381.0
4924.0,7678.0
3326.0,1343.0
2319.0,1142.0
7861.0,29.0
6986.0,90207.0
2333.0,306.0
2472.0,362.0
